Italian;Italiano
English;Inglese

### HOMEPAGE
Index;Homepage
Homepage;Homepage
Looking for a domain name?;Desideri un dominio?
Dashboard;Pannello di Controllo
%s° quarter of %s;%s° trimestre del %s
%s° quarter %s: %s %s;%s° trimestre del %s: %s %s
ShineIsp version %s;ShineISP versione %s
Sign in;Area Clienti
Welcome %s;Benvenuto/a %s
Welcome Mr. %s;Benvenuto Sig. %s
Welcome Mrs. %s;Benvenuta Sig.ra %s
Configuration;Configurazione
Support;Supporto
Sales;Vendite
Attributes;Attributi
Attributes Groups;Gruppi Attributi
Taxes;Tasse
Invoices;Fatture Emesse
Purchase Invoices;Fatture Ricevute
Welcome to the administration of your own services and domain panel.;Benvenuto nel pannello amministrativo per gestire i tuoi domini ed i tuoi servizi.
Expiring Domains;Scadenza Domini
Tickets System;Segnalazioni
Generic Issue;Problema Generico
expiration_date;Data di Scadenza
Days;Giorni
Tasks;Operazioni Pianificate
List of all the tasks executed.;Lista di tutte le operazioni eseguite.
Back to home;Torna alla Homepage
Type here the domain name;Inserisci qui il nome del dominio
Commands;Azioni
Expiring Services;Servizi in Scadenza
Here you can see all the options available.;Qui puoi visualizzare tutte le opzioni disponibili. 
Here you can manage your own domains.;Qui potrai gestire i tuoi domini.
Here you can manage your own services.;Qui potrai gestire i tuoi servizi.
Here you can manage your own orders.;Qui potrai gestire i tuoi ordini.
Here you can add and reply your help requests.;Qui potrai aggiungere e rispondere alle tue richieste d'aiuto.
Here below you can see all the domains near at the expiring date.;Qui puoi visualizzare tutti i domini la cui data è prossima alla scadenza.
Here below you can see all the services near at the expiring date.;Qui puoi visualizzare tutti i servizi la cui data è prossima alla scadenza.
Fullname;Nome Completo
Sign Up;Registrati
Buy Now;Acquista Ora
Product;Prodotto
TLD Summary by Owner;Sommario TLD per cliente
desc_owner_tld_summary;In this list you can see the summary of the TLD groups by owner.
Last Tickets;Ultime Segnalazioni
In this section you can see all the requested support issues.;In questa sezione puoi visualizzare tutte le richieste di supporto.
subject;Topic
services_stats;Services Stats
desc_services_stats;Within this list you can see the services subscribed by the customers.
Solditems;Numero Vendite
domains_stats;Domains Stats
desc_domains_stats;This list shows all the costs and earnings of the domains sold grouped by tld.
tld;TLD
costs;Costi
Costs;Costi
Write here the domain name or a simple description of the problem.;Scrivi il nome dominio o descrivi con una frase il problema.
Net Revenues (Taxable incomes - Costs);Entrate Nette (Imponibile - Costi)
Revenues (Taxable incomes);Entrate (Imponibile)
Body Message;Corpo del messaggio
Administration;Amministrazione
There was a problem during the login. Your profile is suspended or your credentials are wrong.;Si è verificato un problema durante la fase di accesso. Il profilo è sospeso o le credenziali sono errate.
Here you can see all information about the customers, orders, domains, and services.;In questa sezione è possibile gestire i clienti, gli ordini, i domini, i servizi, e le segnalazioni.
earnings;Earnings
costearns_summary;Domains Sold
Show All;Mostra tutto
Select ...;Seleziona ...
Here you can filter the result by the statuses;Qui puoi selezionare un filtro status.
Records;Records
Save;Salva
Pay Now;Paga Adesso
Services Stats;Statistiche Servizi
Estimated revenue through %s %s %s;Entrate stimate del %s %s %s
Estimate revenues for %s;Entrate stimate fino al %s
Here below the economic summary of the %s.;Qui in basso il rapporto economico del %s.
Click one of these links to show the economic reports;Fare click su uno dei seguenti link per visualizzare il rapporto economico
Within this list you can see the services subscribed by the customers.;Nella seguente lista è possibile visualizzare i servizi sottoscritti attivi da parte dei clienti.
You will earn about;Guadagnerai circa
Add a new product;Aggiungi Servizio
The field %s is a mandatory field;Il campo %s è un campo obbligatorio.
The order number %s that you have requested the %s with total %s euro has been not payed yet, click here to show more details.;L'ordine numero %s emesso il %s con l'importo di euro %s non è stato ancora saldato, click qui per visualizzare ulteriori dettagli.
The invoice number %s of %s (%s euro) has been not payed yet, click here to show more details.;La fattura numero %s del %s dell'importo di euro %s non è stata ancora saldata. Click qui per ulteriori dettagli.
Unable to process request at this time.;Impossibile elaborare la richiesta in questo momento.
Our apologies...;Ci scusiamo...
The page you requested cannot be displayed.;La pagina richiesta non può essere visualizzata.
Are you looking for one of these products?;Stai cercando uno dei seguenti prodotti?
Report this problem;Segnala questo problema
Tell us which is the broken link. You will not be contacted by us about this report.;Comunicaci qual'è il link non corretto. Non verrai disturbato a seguito della segnalazione.
stringLengthTooShort;il numero dei caratteri non è sufficiente.
items;Elementi
Customers Summary;Riepilogo Clienti
Tickets Summary;Sommario Segnalazioni
Product Reviews Summary;Sommario Recensioni
Thank you %s for supporting;Grazie %s per aver scelto i nostri servizi
Please write down a review regarding the subscribed service;Inserisci una recensione
Login here as customer;Accedi al tuo profilo
Services Subscribed;Servizi sottoscritti
New Message;Nuovo Messaggio
View all available plans now;Visualizza tutti i piani ora

### BULK DOMAINS
Domains Bulk Registration;Registrazione Multipla Domini
It's easy to register your new domain names in bulk.;Registrare i domini in una sola operazione è semplicissimo.
Just enter your names in the field below. One domain name for each row.;Inserisci qui in basso la lista dei tuoi domini uno per riga.
Registering more than one domain name? Click here!;Devi registrare più di un dominio? Clicca Qui!
When the 'Search' button is clicked, please be patient while we check domain availability.;Dopo aver premuto il bottone 'Ricerca', gentilmente attendi il termine del processo di controllo della disponibilità dei domini.
Check Now;Controlla Adesso
Domain Bulk Registration Order;Ordine Multiplo Domini
Create your new order with the following domains.;Crea il tuo nuovo ordine con i seguenti domini.
Domain Transfer;Trasferimento Dominio
Domain Registration;Registrazione Dominio
Domain Registration Order;Ordine Registrazione Dominio
Please write here your AuthCode in order to transfer the domain;Inserite il codice AuthCode per trasferire il dominio
Domain Available;Dominio Disponibile
Create the Order;Crea l'Ordine
The request has been executed correctly.;La richiesta è stata effettuata correttamente.
years;anni
weeks;settimane
days;giorni
hours;ore
minutes;minuti
Stars;Stelle
%s stars for %s;%s stelle da %s
Review;Recensione
Write down your review with details and you will earn points and discounts;Scrivi la tua recensione con più dettagli possibili come il nome della tua azienda, il tuo dominio e guadagnerai punti e sconti oltre ad essere promosso nel nostro sito.
Which is your own city? If added we will promote your review in our website using Google Maps;In quale città lavori? Se inserisci il nome della città promuoveremo il tuo nome usando Google Maps presente nel nostro sito. 
Who is Talking About Us?;Chi ti ha parlato di noi?
Where did you find us?;Dove ci hai conosciuti?
Add your own nickname;Aggiungi il tuo soprannome
Nick;Soprannome
Write down a subject of the review;Scrivi il soggetto della recensione
Add your review for;Scrivi la tua recensione per
Your email will be not published;La tua email non verrà pubblicata
Publish your Review;Pubblica la tua recensione
No Reviews yet;Nessuna Recensione trovata
Get more information;Ulteriori informazioni
Call me back service;Servizio Richiamami
Call me back service helps you to get the first contact with our company.;Il servizio di richiamata permette di essere contattati solamente ad un numero fisso.
Call me;Prenota Richiamata
What time?;Quando?
Required;Richiesto
Thanks for your interest in our services. Our staff will contact you shortly.;Grazie per il tuo interessamento ai nostri servizi e prodotti. Il nostro staff la contatterà a breve.
Landline phone;Telefono fisso

### LOGIN
adminlogin;Accesso Amministrativo
Email;Email
Write your own email;Inserisci la tua email
Password;Password
Write your own password;Inserisci la tua password
Sign in to get subscribed services.;Accedi per conoscere i servizi sottoscritti.
User not found. Check your credentials.;Si è verificato un problema durante la fase di accesso. Possibili cause sono: il tuo profilo è sospeso oppure l'email o la password sono errate.
Forgot your password?;Password Dimenticata?
This field;Il campo
is empty. This field is mandatory.;è vuoto. Questo campo è obbligatorio.
Main;Principale
New password;Nuova Password
Password sent to your email box. You have to click in the link written in the email.;Password inviata nella tua casella di posta. Fare clic nel link incluso.
Email sent;Email inviata.
Error occurred during setting of the password.;Si è verificato un errore durante l'impostazione della password.

### WIKI
Table of Contents;Sommario
Wiki Help Guide;Guida Wiki/F.A.Q.
Write here what you looking for.;Scrivi qui ciò che cerchi.
Here you can see the wiki guides list.;Qui puoi vedere la lista delle guide.
Posted;Inserito
Help;Aiuto
Products Reference;Prodotti Collegati
Do you need help?;Hai bisogno di aiuto?
Have you found what you need? If not write a question here.;Hai trovato ciò che cercavi? Se non hai trovato una risposta, scrivi la tua domanda qui.
back to the list;ritorna all'indice
This article has been read %s times;Questo articolo è stato letto %s volte
posted;pubblicato il
Read our wiki articles before asking.;Leggi le nostre guide sul wiki prima di richiedere assistenza.
Search on Wiki Help Guide;Ricerca nella Guida Wiki
Category;Categoria
%s Subcategories;Sottocategorie %s
Result search for %s;Risultato della ricerca per %s

### STATUSES
To be Paid;Da Pagare
Payed;Pagato
Suspended;Sospeso
Deleted;Cancellato
Complete;Completo
Expired;Scaduto
Pending;In Attesa
Processing;In Elaborazione
Closed;Chiuso
Solved;Risolto
Queue;In Coda
Active;Attivo

### MODULES
Domains;Domini
Services;Servizi
Tickets;Segnalazioni
Products;Prodotti
Settings;Impostazioni
Orders;Ordini
Customers;Clienti
Registrars;Registrars
Product Categories;Categorie Prodotto
Profile;Profilo
Banks;Banche

### GRAPHS
domains_summary_per_month;Monthly Domains Summary 
Domains Summary;Sommario Domini

### ERRORS
emailAddressInvalidFormat;format is invalid.
isEmpty;e' vuoto. Questo campo è obbligatorio.
Email or Password incorrect;Email o Password non corrette.

### GENERAL
field;This field:
New;Nuovo
VAT;IVA
Total;Totale
index;Index
Date;Data
records;Records
Domain;Dominio
date;Date
daysleft;Days left
status;Status
commands;Commands
Show;Visualizza
Required fields;Campi richiesti
Fast Search;Ricerca Veloce
italian;Italian
english;English
myaccount;My Profile
welcome;Welcome
servers;Servers
Logout;Esci
general;Main
bulkcommands;Bulk Actions
Records per page;Records per pagina
Status;Stato
statusmgmt;Statuses
actions;Actions
bulkdelete;Delete
No Records;Nessuna informazione trovata.
Recordcount;Totale Records
Filters;Filtri
Messages;Messaggi
Message;Messaggio
Delete;Cancella
YES;Si
NO;No
Click here to edit;Click qui per modificare.
List;Lista
Search;Ricerca
Selected record;Record selezionato
confirm;Confirm Action 
confirmdelete;Confirm delete
delete_question;Are you sure to delete the selected record?
desc_delete_question;The selected record will be not longer available.
desc_confirm;Here you can choose if confirm or not a task. If you agree the record selected will be processed.
areusure;Are you sure?
noiwrong;No, I don't!
yesiwant;YES, I want to DELETE it!
methodnotset;Please, select the items and then the action from the list.
enabled;Enabled
desc_enabled;Enabled the item
add;Add
remove;Remove
The search view is active.;Il filtro di ricerca è attiva.
Click here to reset the results.;Click qua per cancellare il filtro di ricerca.
By creating an account with our store, you will be able to move through the checkout process faster, view and track your orders in your account and more.;Creando un account nel nostro negozio, sarai in grado di gestire il processo di pagamento più veloce, visualizzare e rintracciare i vostri ordini e molto altro ancora.
Create an Account;Crea un Profilo
New Account;Nuovo Profilo
Create your new account today!; Crea il tuo profilo oggi!
Login or Create a new Account;Accedi o Crea un nuovo Profilo
Already registered?;Già registrato?
Create my account;Crea il mio profilo
The task requested has been executed successfully.;L'operazione è stata eseguita con successo.
Reset your password;Reimposta la tua Password
Write your email in the follow text box in order to reset your password.;Scrivi la tua email nel seguente campo di testo per reimpostare la tua password.
Type anything for Creating or Selecting a Tag.;Digita qualcosa per Creare o Selezionare un Tag.
Searching...;Ricerca...
Create;Crea
What can you do?;Cosa posso fare adesso?
Have no fear, help is near! There are many ways you can get back on track with our store.;Nessuna paura, adesso ti diamo qualche consiglio! Ci sono molti modi per risolvere il problema riscontrato.
Go back to the previous page.;Torna indietro nella pagina precedente e riprova
Follow this link to get you back on track!;Fai click nel seguente link per tornare nella pagina principale
notMatch;non corrisponde
missingValue;non inserito
Please write again the password;Ripetere la password

### BILLING CYCLES
Month;Mese
Monthly;Mensile
month;Mese
months;Mesi
1 Month;1 Mese
6 Months;6 Mesi
12 Months;12 Mesi
24 Months;24 Mesi
36 Months;36 Mesi
1 Year;1 Anno
2 Years;2 Anni
No expiring;Nessuna Scadenza
Unit Price;Prezzo Unitario

### CUSTOMER SECTION
Reseller;Rivenditore
customer_edit; Modifica Cliente
desc_customer_edit; Qui è possibile modificare tutte le informazioni collegate ad un cliente particolare
Create Remote Profile;Crea Profilo Remoto
Create Domain;Crea Dominio
Create Order;Crea Ordine
customer_details;Dettagli Cliente
desc_customer_details;Mantieni aggiornate tutte le informazioni aziendali 
Legalform;Forma legale
Firstname;Nome
Lastname;Cognome
Birthdate;Data di Nascita
Birthplace;Luogo di Nascita
zipcode;C.A.P.
company_type;Tipo Azienda
companyname;Ragione Sociale
vat;IVA
birth date;Data di nascita
birth place;Luogo di nascita
birth district;Provincia di nascita
birth country;Nazione di nascita
birth nationality;Nazionalità
taxpayernumber;Codice Fiscale
address;Indirizzo
province;Provincia
country;Nazione
addresses;Addresses
contacts;Contacts
attachments;Attachments
various;Various
tools;Tools
admin;Administration
Edit;Modifica
Select ...;Seleziona ...
individual;Privato / Ditta Individuale
corporation;Azienda
association;Associazione
other;Altro
desc_legalform;Select one of the legal form from the list
city;City
area;Area
baseaddress;Invoice Address
No invoices have been found.;Nessuna fattura è stata trovata.
contact_type;Contact type
contact;Contact
filecategory;File Categories
applicationforms;Application Form
quote;Quote Document
documents;Generic Documents
nichandle;External Codes
Personal Information;Anagrafica
Private Notes;Note Private
magento_customers;Magento's Customers
desc_magento_customers;Click on the list and wait until the list will be filled with all remote customers.
download_customer_selected;Import Customer
customer_list;Customer List
desc_customer_list;List of the customers.
Select a filter;Seleziona il filtro
company;Company
Customer;Cliente
Tax payer number;Codice Fiscale
Birthdate;Data di nascita
Write here your birthday (eg. dd/mm/yyyy);Inserire la data di nascita (es. gg/mm/aaaa)
Write here the birthplace.;Inserire il luogo di nascita
Write the tax payer number.;Inserire il codice fiscale personale se persona fisica negli altri casi inserire il codice fiscale d'azienda. 
Print Invoice;Stampa Fattura
Credit Notes;Note di Credito
Credit Note No.;Nota di Credito Nr.
Invoice No.;Fattura Nr.
Order No.;Ordine Nr.
Print Order;Stampa Ordine
Invoice;Fattura
Supplier;Fornitore
Write here your firstname.;Scrivi in questo campo il tuo nome.
Write here your lastname.;Scrivi in questo campo il tuo cognome.
Write here your email;Inserisci la tua email
Write here your password. (min.6 chars - max.20 chars);Scrivi la tua password. (min.6 caratteri - massimo 20 caratteri)
Write here the VAT number.Inserisci la tua Partita IVA
Select the type of company.Seleziona la forma legale
Company Type;Tipologia Azienda
Write here your company name.Inserisci la tua Ragione Sociale.
Birth District;Provincia di Nascita
Country of Birth;Nazione di Nascita
Birth Nationality;Nazionalità
Sex;Sesso
Addresses;Indirizzi
Zip;C.A.P.
City;Città
Area;Provincia
Country;Nazione
Default Address;Indirizzo di base
Write the address;Inserire l'indirizzo
Write the zip code;Inserire il codice C.A.P.
Write here your city name;Inserire il nome della città
Write the area code;Inserire il nome della Provincia
Select your own country;Seleziona la nazione
Contacts;Contatti
contact;Contatto
type;Tipo
Contact Types;Tipo di Contatto
We have found some errors;Abbiamo trovato qualche errore durante la compilazione del modulo
Select the contact type;Seleziona la tipologia del contatto
Write here the contact (eg. +39.3381238830);Inserire il contatto telefonico (es. +39.3381238830)
Your personal data are mandatories to register or transfer a domain name.;I dati personali sono obbligatori per poter registrare o trasferire un dominio. 
General;Generale
Write here your company name.;Inserire il nome dell'attività
Select the type of company.;Selezionare il tipo di azienda
Write here the VAT code. Eg: IT123456789.;Inserire la Partita IVA. Esempio: IT123456789
Profile details;Dettaglio Profilo
Update here your details filling the applicant form with all the information about you.;Inserisci qui i tuoi dettagli compilando il modulo con tutte le informazioni necessarie.
Select the company;Seleziona l'azienda
Total %s records found;Trovati in totale %s records
Page;Pagina
View;Visualizza
Actions;Azioni
Search %s;Ricerca %s

### DOMAINS
Domain Expiration;Domini in Scadenza
This view helps you to check which are all the domain next to the expiration.;Questa lista mostra tutti i domini prossimi alla scadenza.
.%s domain;.%s domain
domain registration;registrazione domini
.%s domain registration;Registrazione domini .%s 
%s is already taken.;%s è già stato preso.
%s is still free.;%s è ancora libero.
Yes, I would like to renew the domain at the expiration date.;Si, desidero rinnovare il dominio alla data di scadenza.
No, I am not interested in the renew.;No, non sono interessato al rinnovo del dominio alla data di scadenza.
By default, all domains are set to auto-renew. Choose if the domain must be auto-renew or not at the expiring date.;Di base tutti i domini sono impostati con rinnovo automatico per tutelare gli utenti al fine di non perdere il dominio. Scegli se il dominio deve essere automaticamente rinnovato oppure no alla data di scadenza.
Update Domain Information;Aggiorna Dominio 
Domains List;Lista Domini
Domain Edit;Modifica Dominio
Here you can edit your own domain parameters.;Qui puoi conoscere i dettagli del dominio e modificarne i parametri.
Here you can see all the list of your domains.;Qui puoi visualizzare la lista dei tuoi domini.
Starting;Data Inizio
Ending;Scadenza
Termination;Scadenza
Write here a message for the administrator about this domain.;Scrivi qui un messaggio rivolto all'amministratore relativo a questo dominio.
Your message;Il tuo messaggio
Renew;Rinnovo
Autorenew;Rinnovo Automatico
No Autorenew;Rinnovo Disabilitato
Domain Summary per Month;Sommario dei Domini per mese
Import;Importa
Update Domains;Aggiorna Domini
Here you can show all the services subscribed with the domain.;Qui puoi visualizzare tutti i servizi collegati al dominio.
This domain will be not renewed at the expiring day.;Questo dominio non sarà rinnovato alla scadenza.
This domain will be renewed at the expiring day. Auto-Renew setting is active. You can edit this option until 3 days before the expiring day.;Questo dominio sarà rinnovato il giorno di scadenza. L'impostazione di rinnovo automatico è attiva. È possibile modificare questa opzione fino a 3 giorni prima della data di scadenza.
Here you can see all the questions and replies about this service/domain;Qui puoi visualizzare tutte le domande e le risposte relative ad un servizio oppure ad un dominio.
Owner;Proprietario
DNS Zones;Zone DNS
Register;Registra
Actions;Azioni
Execute;Esegui
Renew Domains;Rinnova Domini
Active Hosting Services;Servizi Hosting Attivi
Last Messages;Ultimi Messaggi
Last Orders;Ultimi Ordini
New Orders;Nuovi Ordini
Processing Orders;Ordini in Lavorazione
Download DNS;Scarica DNS
Update DNS;Aggiorna Zone DNS 
Update domain;Aggiorna Dominio 
The requested task has been completed successfully;L'operazione richiesta è stata eseguita correttamente.
Authinfo code;Codice AuthInfo
Transfer;Trasferisci
desc_domainname;Write down the name of the domain without any extension, white spaces, or symbols
desc_tld;Select the TLD from the list
desc_authinfo;Write down the Authinfo code in order to transfer the domain to this ISP
Creation date;Data di Creazione
Transaction ID;Codice Transazione
Payment mode;Modalita' di Pagamento
Payment Transactions;Transazioni di Pagamento
Payment note;Note
The domain selected has not been attached in a order.The Autorenew setting is not saved.;Il dominio selezionato non è stato inserito in alcun ordine, l'impostazione del Rinnovo Automatizzato non è stata salvata.
DNS successfully updated;DNS aggiornato correttamente.
Subdomain;Sottodominio
Target;Obiettivo
Zone;Zona
A problem has been occurred during the updating of the DNS. Check the settings in the Record DNS tab.;Attenzione si è verificato un problema all'aggiornamento del DNS. Controllate le informazioni impostate nella sezione Records DNS.
err_nichandle_not_found;The domain owner have not any nic-Handle set as default.
Want you register the selected domain?;Desideri registrare il dominio selezionato?
The domain will be register using the Registrant set in the domain page.;Il dominio sarà registrato utilizzando il Registrant impostato nei dettagli del dominio.
Want you renew the selected domain?;Desideri rinnovare il dominio selezionato?
The domain will be renewed using the Registrant set in the domain page.;Il dominio sarà rinnovato utilizzando il Registrant impostato nei dettagli del dominio.
Are you sure to delete the domain?;Sei sicuro di voler cancellare il dominio?
If a domain has been deleted it is no more restorable.;Se un dominio viene cancellato, non sarà più ripristinabile.
Select the items and then use the bulk action system to set more than one item.;Seleziona gli elementi e successivamente utilizza le azioni per eseguire l'operazione desiderata.
Transfer here your domain;Trasferisci qui il tuo dominio
To protect against theft the domain, the domain is placed in a state that does not allow the transfer. If another registrar requires the transfer of the domain, the operation will be automatically rejected. If you wish to transfer the domain to a new registrar, remove the protection. In this state, the domain will not be protected and another registrar may request the transfer.;Per la protezione contro il furto del dominio, il dominio viene posto in uno stato che non permette il trasferimento. Se un altro registrar richiede il trasferimento del dominio, l'operazione sarà automaticamente respinta. Se si desidera trasferire il dominio a un nuovo registrar, rimuovere la protezione. In questo stato, il dominio non saranno protetti e un altro registrar può chiedere il trasferimento.
The authinfo is a code that is assigned at the time of registration and that uniquely identifies the domain. The Registrar must notify the Registrant of this code, necessary to perform all operations. Without this code you cannot transfer this domain.;Il codice Authinfo è un codice che viene assegnato al momento della registrazione, e che identifica in modo univoco il dominio. Il proprietario del dominio deve notificare al Registrante questo codice, necessario per eseguire tutte le operazioni. Senza questo codice non è possibile trasferire questo dominio. Chiedete il codice Authinfo al vostro vecchio Internet Hosting Provider.
To transfer your own domain name here you have to set the AuthInfo Code in the following textbox area.;Per trasferire la gestione del proprio nome a dominio qui è necessario impostare il codice AuthInfo nell'area casella di testo seguente.
The domain has been unlocked. Now wait some minutes, until the operation has benn completed. Now the domain is NOT PROTECTED from thieves and you can risk to loose it.;Il dominio è stato sbloccato. Ora aspetta qualche minuto, fino a quando l'operazione è completata. Ora il dominio non è protetto dai ladri e potresti rischiare di perderlo.
Protect your domain;Proteggi il tuo dominio
Request the AUTHINFO;Richiedi l'AUTHINFO
Request a NEW AUTHINFO;Nuovo AUTHINFO
authinfo;AUTHINFO
service;Servizio
List of all the services attached to the domain.;Lista di tutti i servizi connessi al dominio.
fromdate;Data Inizio
todate;Data Fine
Options;Opzioni
Here you can unlock the domain before the transfer it in another hosting provider.;Qui puoi sbloccare il dominio prima del trasferimento presso un altro hosting provider.
Here you can update the status of your domain.;Facendo click qui il dominio verrà aggiornato.
In this section you can execute various operation with your domain name.;In questa sezione puoi eseguire varie operazioni con il tuo nome a dominio.
Update Domain;Aggiorna Dominio
Here you can lock the domain and protect it from the thieves.;Facendo click qui puoi bloccare il dominio e proteggerlo dai ladri.
Lock Domain;Blocca Dominio
The authinfo domain code has not been found. Please add the code in the domain control panel.;Il codice Authinfo non è stato trovato. Richiedete il codice al vostro vecchio provider ed inserite quest'ultimo nella scheda del dominio. L'operazione di trasferimento verrà riavviata automaticamente.
The domain task requested has been scheduled successfully. Please see the tasks tab form.;La pianificazione richiesta per il dominio selezionato è stata eseguita correttamente. Controllare la sezione Operazioni Pianificate.
Here you can set your DNS Zones. All the edits have need one hour at least.;Qui è possibile impostare le zone DNS. Tutte le modifiche necessitano almeno un'ora per essere effettive.
DNS Zone for %s;Zona DNS per %s

### ORDERS
Order nr. %s - %s;Ordine nr. %s %s
Product Name;Nome del prodotto
OrderID;Ordine
This is the list of all your orders.; Questa è la lista dei tuoi ordini.
Order Summary;Riepilogo Ordine
Complete the order choosing your preferite payment method.;Completare l'ordine scegliendo il metodo di pagamento preferito.
Payment Methods;Metodi di Pagamento
Order no.;Ordine n.
InvoiceId;Fattura
Setup fee;Una Tantum
startdate;Data
Reply;Rispondi
Fastlink Code;Codice Fastlink
Order;Ordine
Order %s;Ordine %s
Open a ticket;Apri un ticket
Bank Transfer;Bonifico Bancario
Account Name;Intestato a
Bank;Banca
Bank Account Number;Conto Corrente Bancario
The domain is a mandatory field. Choose a domain name.;Il dominio è un campo obbligatorio. Scegli un dominio.
Invoice destination;Fatturato a
Order Now;Ordina Adesso
Here you can see all the order information.;Qui puoi visualizzare l'ordine selezionato.
Orders List;Lista Ordini
Order Details;Dettaglio Ordine
Here you can create a new order;Qui puoi creare un nuovo ordine
Here you can manage all the orders.;Qui puoi gestire i tuoi ordini
Grandtotal;Totale Complessivo
Invoice Nr.;Fattura N.
Select here the company or the customer;Seleziona qui l'azienda.
Message about the order;Messaggio Ordine
Check the information posted and then click on the save button.;Controlla le informazioni inserite e fai click nel bottone salva.
Order process;Ordini
order_date;Data Ordine
next_deadline;Prossima Scadenza
grandtotal;Totale Complessivo
sku;Codice Interno
total;Totale Imponibile
invoice_number;Invoice Number
Download Invoices;Scarica Fatture
order_edit;Order Edit
desc_order_edit;Edit this order in all its section.
order;Ordine
id;Codice
details;Details
List of all the orders where the domain appears.;Lista degli ordini in cui appare il dominio.
createinvoice;PDF Invoice
Quantity;Quantità
quantity;Quantità
Description;Descrizione
description;Descrizione
Price;Prezzo
price;Prezzo
setupfee;Una Tantum
Billing_cycle;Modalità di Fatturazione
Tax;Tasse
enddate;Data Fine
action;Azione
log;Messaggi (LOG)
times;Eseguito
Days left;Giorni Rimanenti
categories;Categories
Reviews;Recensioni
Date Start;Data Inizio
billingcycle;Ciclo di fatturazione
Billing Cycle;Ciclo di fatturazione
referdomain;Refering Domain
searchdomains;Search domains
There was a problem during the payment process.;Si è verificato un problema durante la fase di pagamento.
Here you can read all your questions and the admin replies about this order.;In questa sezione puoi leggere le tue domande poste all'amministratore e le risposte inerenti l'ordine selezionato.
To be paid;Da pagare

### TICKETS SYSTEM
Replies;Risposte
Attachments;Allegati
Ticket;Segnalazione
Choose the domain name reference;Seleziona il nome a dominio di riferimento
This is the list of the last tickets posted by the customers.;Questa lista visualizza le ultime segnalazioni inviate dai clienti.
Add new Issue;Crea una Segnalazione
Post a new issue.;Inserisci una nuova segnalazione.
Select a category.;Seleziona una categoria
Write here a subject of the issue.;Scrivi qui l'oggetto della segnalazione
Your Response;Rispondi Adesso 
Send Request;Invia Segnalazione
Tickets list;Lista Segnalazioni
Here you can write down your problem. Remember to be clear and analytic in order to explain the problem that has been occurred.;Indica nel modulo in dettaglio il problema riscontrato. Ricorda di inserire una segnalazione dettagliata in ogni sua parte.  
Here you can see the list of all the issue posted.;Qui puoi visualizzare tutte le segnalazioni inviate.
Post new ticket;Inserisci una nuova segnalazione
Back to list;Torna alla lista
Ticket Edit;Dettagli Segnalazione
Ticket process;Registrazione Segnalazione
Check the information before save again.;Controlla le informazioni inserite e fai click su salva. 
ticketnotes;Notes
Notes;Note
Write here a note.;Scrivi una nota
Write here a note. An email will be sent to the ISP staff.;Scrivi una nota. Una email verrà inviata allo staff.
Write here all the information.;Inserisci nel campo tutti i dettagli del problema riscontrato. 
Further notes;Storia della segnalazione 
Set the issue status;Imposta lo stato della segnalazione
Expecting a reply;In attesa di risposta
This issue is connected with the ticket: %s;Questa segnalazione è connessa al ticket: %s
Select the document to upload. Files allowed are (%s) - Max %s;Seleziona il documento da importare. Files consentiti (%s) - Massimo %s
### TICKET RATINGS
Very poor;Veramente scadente
Poor;Scadente
OK;Sufficiente
Good;Buona
Very Good;Ottima


### PRODUCTS
Starting at;A partire da
Related Products;Prodotti Correlati
VAT not included;IVA esclusa
VAT included;IVA inclusa
Prices list;Listino prezzi
Details;Dettagli
Other extensions;Altre estensioni
Register your new .%s domain;Registra il tuo nuovo dominio .%s
Registration price;Prezzo per la registrazione
Transfer price;Prezzo per il trasferimento
Renewal price;Prezzo per il rinnovo
Name;Nome
Cost;Costo
Category;Categoria
Features;Caratteristiche
Keywords;Parole Chiave
Learn more;Visualizza Scheda
Customer Reviews;Recensioni Clienti
Compare Products;Confronta i Prodotti
Compare;Confronta
On line in minutes!;On line in pochi minuti!
Choose your service;Scegli il tuo servizio
Type here what you are looking for;Digita qui quello che stai cercando

### SERVICES
Setup fees;Costi di Attivazione
Services List;Lista Servizi
Yes, I would like to renew the service at the expiration date.;Si, desidero rinnovare il servizio alla data di scadenza.
No, I am not interested in the service renew.;No, non sono interessato al rinnovo del servizio alla data di scadenza.
List of all your own services subscribed;Qui puoi gestire tutti i servizi sottoscritti
date_end;Ending Date
domains_selected;Domain Selected
desc_domains_selected;The domains selected will be linked to the service selected.
service_edit;Service
desc_service_edit;Here you can manage the service subscribed by the customer.
Expiring_Date;Data di Scadenza
Valid Up;Valido fino al
Creation_Date;Data di Creazione
Service Details;Dettagli Servizio
List of all the service details.;Lista di tutti i dettagli del servizio.
Write here your reply. An email will be sent to the ISP staff.;Inserisci un messaggio. Il messaggio verrà inviato via email allo staff tecnico.

### SETTINGS
settings_list;Settings List
desc_settings_list;Here you can manage all the ShineISP settings.
value;Value
parameter;Parameter
desc_parameter;Select the paramenter to be configure
settings_edit;Settings Edit
desc_settings_edit;Edit the settings or add a new one.

### REGISTRANTS
registrant_list;Registrant List
desc_registrant_list;Manage the SOAP classes in order to create a relashionship between ShineISP and other remote registrant services.
wsdl;WSDL
desc_name;Write down a name
desc_wsdl;URL of the remote WSDL
desc_class;PHP class name located in /library/Shineisp/Api/Registrars/
desc_username;Write here the username for the connection with the remote Soap system
desc_testmode;Check here in order to test the class.
class;Class name
username;Username
testmode;Test mode
registrant_edit;Registrant Edit
desc_registrant_edit;Edit the paramenters of the connection with the remote service and the php class.

### CATEGORIES
category_list;Category List
desc_category_list;Manage all the categories
parent;Parent Category
desc_parent;Select the parent category.
category_edit;Category Edit
desc_category_edit;Edit the information of the category selected.

### ISP PROFILE
isp_account;ISP Account 
desc_isp_account;Here you can manage your own ISP and all its settings.
vatnumber;VAT number
desc_vatnumber;Added Value Tax Number
slogan;Slogan
desc_slogan;This text will be written in the pdf invoice file.
manager;Manager
desc_manager;Firstname and lastname of the responsible of the ISP
website;Website
desc_website;URL of the istitutional web site of the company.
bankinfo;Bank Information
bankname;Bank Name
desc_bankname;Write the name of the Bank
bankaccount;Bank Account 
desc_bankaccount;Write here the Account number
iban;IBAN
desc_iban;Write down the IBAN Code
bic;BIC
desc_bic;Write down the BIC code
telephone;Telephone
desc_telephone;Write down the telephone number (eg. +39.123.123123)
fax;FAX
desc_fax;Write down the fax number (eg. +39.123.123123)
ip;IP
netmask;Netmask
  
### SERVERS
servers_list;Server List
desc_servers_list;List of all the servers available in the farm.
desc_servers;Edit the information about the server selected.
servername;Server name
servertype;Type of server
desc_servertype;Select the type of server
desc_servername;Write here the unix name of the server
desc_ip;Write here the public IP of the server
desc_netmask;Write here the netmask of the server
host;Host
desc_host;Write here the host part of your main domain
desc_domain;Write here the domain part with the TLD.
furtherinfo;Information
 
### PAYMENTS GATEWAYS
You will be redirected to the bank secure website, please be patience.;Verrai reindirizzato nel sito sicuro della banca, un momento di pazienza.
bank_list;Bank Gateway list
desc_bank_list;Here you can manage all the bank gateways.
account;Account
bank_edit;Bank Edit
desc_bank_edit;Edit the bank gateway in all its section
url_test;URL Test
desc_url_test;Sometimes the banks create a test url in order to test the transactions before to go in the production mode.
url_official;Official URL
desc_url_official;This url is the main gateway url for the real transactions 
classname;PHP class name
desc_classname;PHP Class name that manage the bank gateway. This file must be locate at /library/Shineisp/Banks/[BANKNAME]/Gateway.php

### PDF INVOICE
Site Web;Sito Web
eMail:eMail
Telephone;Telefono
FAX;FAX
VAT Number;Partita IVA
Invoice Number;Fattura Nr.
dated;del
Address;Indirizzo
Addressee;Destinatario
Destination;Destinazione
SKU;COD
Description;Descrizione
Qty;Qta
Unit;Unita'
Tax Free Price;Imponibile
Tax %;IVA %
Discount;Sconto
Subscribing %s you can save %s;Sottoscrivendo %s risparmi %s
Save %s;Risparmia %s
2 Years;2 Anni
You can save;Puoi risparmiare
Total;Totale
Continue;Segue
Order Number;Ordine Nr.
Payment Date;Data Pagamento
Tax Free Total;Imponibile
Tax Total;Totale IVA
Total with Tax;Totale Complessivo
Bank Name;Denominazione Banca
Company Name;Ragione Sociale
Customer Information;Informazioni Cliente
Click here to delete;Click qui per cancellare

### EMAILS
Dear Customer,||here below the reset password link: [link]||For further information don't hesitate to contact us.||Regards.;Gentile Cliente,||qui di seguito il link per effettuare il reset della password: [link]||.Per ulteriori informazioni non esitate al contattarci.||Cordialmente.
subject;Oggetto
expired;Scaduto
expired_on;scaduto il
daysleft;Giorni
email_newpassword;Gentile Cliente,||eccole la nuova password per accedere ai nostri servizi: [newpassword]||Per qualsiasi informazione ci contatti via email.||Cordialmente.
email_password;Gentile Cliente,||eccole il link per effettuare il reset della propria password: [link]||Per qualsiasi informazione ci contatti via email.||Cordialmente.

### CART
Dear %s welcome back in to our store!;Gentile %s bentornato nel nostro store!
Your registered email is %s;L'email registrata nel profilo è %s
Contact page;Dettagli Contatto
Complete Order;Completa Ordine
You are already registered.;Sei già registrato. Adesso fai click sul bottone Completa Ordine.
Delete All;Cancella Tutto
Add to cart;Aggiungi al Carrello
The email is already registered in our database.;L'Email inserita nel modulo è presente nei nostri archivi.
Service Recipient;Destinatario del Servizio
Cart;Carrello
contacts;Contatti
Selected products;Prodotti selezionati
Here you can see the domain choosen and its status. Furthermore, you can register or transfer other domains extension.;Qui puoi visualizzare il dominio selezionato ed il suo stato. Inoltre, puoi registrare o trasferire una o più estensioni di dominio. 
Create a new domain;Crea un nuovo dominio
Checkout page;Carrello
Cart Summary;Riepilogo Carrello
Please %s or fill the applicant form below.;Effettua l'%s oppure completa il modulo qui di seguito.
login;accesso
You can complete the order checkout or delete one or more products and inserting a new one. Just click on the delete link in the cart summary.;Completa l'ordine oppure se desideri inserire un nuovo prodotto al posto di uno esistente cancellali e reinseriscili. Basta fare click sul bottone cancella nel riepilogo del carrello. 
Personal data;Dati personali
Next;Prossimo
Back;Precedente
Continue Order;Procedi con l'Ordine
domain;Dominio
Register your own domain;Registra il tuo dominio
Type the domain name in the input box shown below and follow only 3 steps.;Digita il dominio nella casella in basso e segui solamente 3 passi per completare l'ordine.
The domain has been deleted from the cart list. Choose another domain name.;Il dominio è stato cancellato dal carrello. Scegli un nuovo dominio.
I would like to register this domain.;Desidero registrare questo dominio.
Register now your domain name now and every year we will renew it automatically. Anyway you can disable this option by your Control Panel.;Registra adesso il tuo nome a dominio ed alla scadenza lo rinnoveremo automaticamente. Comunque potrai disabilitare questa opzione dal tuo Pannello di Controllo.
I am this domain's owner.;Sono il proprietario di questo dominio
Write your own domain name previosly registered with another company.;Digita il nome del tuo dominio precedentemente acquistato da un'altra azienda.
The domain is not available for registration. Choose another domain name.;Questo dominio non è disponibile per la registrazione. Scegli un altro nome a dominio.
reseller;Rivenditore
payment;Pagamento
Write the domain name here in order to check if available.;Scrivi il dominio e controlla se disponibile.
CHECK NOW;CONTROLLA ORA
This is the domain selected;Questo è il dominio selezionato
Other Domains;Altri Domini
Green domains are available and they can be register.;I domini in verde sono disponibili e possono essere registrati.
Red domains are not available but if you are the owner you can transfer them.;I domini in rosso non sono disponibili ma se sei il proprietario puoi trasferirli.
Checkout;Ordina
Subscription of the service domain %s for %s;Sottoscrizione del servizio dominio %s per %s
If you fill the company field you have to set your legalform as corporation and write down your VAT code.;Se inserisci la ragione sociale devi selezionare anche la forma legale dell'attività ed inserire la partita IVA. Attenzione le ditte individuali non possono inserire una ragione sociale poichè non possono essere considerate delle aziende. Vi verrà proposto in seguito la possibilità di intestare la fattura alla vostra ditta individuale. 
The VAT code is wrong.;La partita IVA non è corretta. Devi inserire la partita IVA nel seguente modo IT00000000000 
Features;Caratteristiche
Installment;Canone
Add your review;Aggiungi la tua recensione
just;a sole
Add to Cart;Aggiungi al Carrello
get;Scheda
products;Prodotti
The domain is available for registration;Il dominio è libero ed è disponibile ed è possibile registrarlo
The domain is not available for registration but if you are the domain's owner and you can transfer it!;Il dominio non è disponibile per la registrazione ma se tu sei il proprietario puoi richiedere il trasferimento!.
Well done! Now you have to choose your preferite payment method;Ben fatto! Adesso è possibile scegliere il metodo di pagamento
You can add the Authcode after the payment has already been done;E' possibile indicare il codice di trasferimento del dominio anche dopo la realizzazione dell'ordine. 
### SYSTEM MODULE
email_tickets;Ticket Nr.: [issue_number]|Cliente: [customer]|Status: [status]|Link: [link]|Data Inizio: [date_open]|Data Chiusura: [date_close]||Oggetto: [subject]||Descrizione:|[description]||Ti consigliamo di accedere nell'area amministrativa per ulteriori dettagli.||Importante: Non rispondere a questa email ma cliccate sul link qui sopra riportato, al fine di inviare una risposta alla seguente segnalazione.||Cordialmente,|[signature]
email_subject_domains_check;Riepilogo dei Domini in scadenza questo mese
email_subject_services_check;Riepilogo dei Servizi in scadenza questo mese 
email_domains_expired;Gentile [fullname],||I seguenti domini sono attualmente registrati e mantenuti nei nostri servers. Questo messaggio viene inviato includendo i domini in scadenza e scaduti nell'arco di un mese solare.||Domini da rinnovare:||[domains]||Accedete nella vostra area clienti usando il seguente link: http://shineisp.shinesoftware.com per effettuare il rinnovo di ogni singolo dominio.||Ogni dominio può essere associato uno o più servizi. Si consiglia di accedere al pannello di controllo per controllare lo stato dei servizi annessi al dominio in via di scadenza.||Cordialmente,|[signature]
email_services_expired;Gentile [fullname],||I seguenti servizi sono prossimi alla scadenza.||Servizi da rinnovare:||[services]||Accedete nella vostra area clienti usando il seguente link: http://shineisp.shinesoftware.com per effettuare il rinnovo di ogni servizio.|I piani hosting sono collegati ad uno o più domini, controllare i domini ad essi collegati direttamente nel pannello di controllo selezionando la voce Domini dal menù.||Cordialmente,|[signature]
email_reminder_expired;Gentile [fullname]||I seguenti servizi sono attualmente mantenuti presso i nostri servers.||Il nostro sistema ha rilevato che i termini del Vostro account sono scaduti nonostante i solleciti da noi trasmessi.||I seguenti servizi sono stati sospesi.||[items]||Per ripristinare i servizi, procedete come segue:||1) Accedete all'indirizzo: [url]||2) Selezionate il servizio o il dominio scaduto||3) Effettuate il pagamento con carta di credito, facendo click sul bottone di pagamento posto nella scheda del servizio o del dominio||IMPORTANTE:|==========|Laddove il saldo non dovesse pervenire entro 3 giorni, il servizio o il dominio verrà DEFINITIVAMENTE sospeso e cancellato.||Per ogni informazione complementare, contattateci : [email]|Grazie per la vostra fiducia.||Cordialmente,|[signature]
email_renew;Gentile [fullname],||come richiesto è stato realizzato il rinnovo del servizio richiesto.||Per ulteriori dettagli fare click su: [url]||Grazie per la vostra fiducia.||Cordialmente,|[signature]
email_renew_subject;Rinnovo Servizio
email_items_expired;Servizi sospesi.
email_new_order;Gentile [fullname],||la ringraziamo per aver richiesto i servizi presenti nell'ordine in oggetto.||Potete effettuare il pagamento via Carta di Credito oppure via Bonifico bancario. Di seguito le coordinate:||Pagare con Carta di Credito:||- Accedete all'indirizzo: [url]||- Effettuate il pagamento con carta di credito, facendo click sul bottone di pagamento posto nella scheda dei dettagli dell'ordine||Pagare con Bonifico Bancario:||Inviate il vostro bonifico bancario a:||[bank]||Inserite nella descrizione del bonifico il codice d'ordine: [orderid]||Per ogni informazione complementare, contattateci : [email]|Il Vostro ordine [orderid] è appena stato eseguito.Sarà ultimato entro breve con riserva di fattibilità.||Vi ringraziamo per la fiducia accordata alla nostra azienda e Vi auguriamo una buona giornata.||Cordialmente,|[signature]
email_new_order_subject;Nuovo Ordine

### CONTACTS MODULE
Contact us;Contattaci Adesso
Fill the form with your requests, we will reply you as soon as possible.;Compila il modulo con la tua richiesta ti risponderemo il più presto possibile.
Sales Question;Domanda sull'acquisto
Billing Question;Domanda sulla fatturazione
Partnership Inquiry;Richiesta di Collaborazione
Website Feedback;Suggerimenti sul sito web
Write here your message.;Scrivi il tuo messaggio
Write the chars to the field;Scrivi i caratteri nel campo di testo
Submit your request;Invia Richiesta
Subject;Oggetto
Company;Azienda
Write here your firstname and lastname.;Scrivi il tuo nome ed il tuo cognome
Captcha value is wrong;Il Captcha inserito non è corretto   

### DOMAIN CHECKER PLUGIN
You have to login or create a new account profile to go on.;Devi effettuare l'accesso o creare un nuovo profilo per proseguire.
Choose your new domain name!;Scegli il tuo nuovo Dominio!
GO;VAI
yourdomain;tuodominio
companyname;nomeazienda
Domain name is empty!;Il nome a dominio è vuoto!
%s is still free.;%s è ancora libero.
%s is already taken.;%s è stato già preso.
Register it;Registralo
Register;Registra
Transfer it;Trasferisci
I would like to transfer %s;Desidero trasferire %s
Select all the domains;Seleziona tutti i domini
Domain Suggestions;Domini Consigliati
Search another domain name;Cerca un altro nome a dominio
Order Selected;Ordina Selezionati
Change Name;Cambia Dominio
Read more;Approfondisci
To transfer your domain name, please unlock it at the old provider control panel website and get the AUTHINFO code of your domain.;Per trasferire il tuo dominio, sbloccalo nel pannello di controllo del tuo vecchio provider e recupera il codice AUTHINFO del tuo dominio.
Write here your AUTHINFO code for your domain %s (optional);Inserisci il codice AUTHINFO relativo al dominio %s (opzionale)
You have to check one of the domain tlds.;Devi spuntare una delle caselle relative alle estensioni desiderate.

### BROWSER PLUGIN
Your browser is not supported here;Il browser utilizzato non è supportato 
You are currently using an unsupported browser;Stai utilizzando un browser non supportato
Please install one of the many optional browsers below to proceed;Installa uno dei seguenti browser per procedere
Close this window at your own demise!;Chiudendo questa finestra si accettano eventuali malfunzionamenti del browser usato
Close This Window;Chiudi questa finestra 

### bJQueryUI 
Display _MENU_ records per page;Visualizza _MENU_ records per pagina
Nothing found - sorry;Nessun record trovato
Showing _START_ to _END_ of _TOTAL_ records;Visualizza _START_ di _END_ di _TOTAL_ records
Showing 0 to 0 of 0 records;Visualizza 0 di 0 di 0 records
(filtered from _MAX_ total records);(filtrati da _MAX_ record in totale)

Show all the reviews;Mostra tutte le recensioni

Locale Settings;Impostazione Lingua
I agree with the legal terms;Accetto le Condizioni Contrattuali
Agreements;Condizioni Contrattuali
Locale;Lingua

Database Connection;Connessione Database
Hostname;Hostname
Write here the hostname eg. localhost. You can specify server port, ex: localhost:3307;Digitare l'hostname es: localhost. E' possibile specificare la porta del server database, es: localhost:3307
Username;Nome Utente
Write here the database username.;Inserire il nome dell'utente 
Write here the database password.;Inserire la password
Write here the database name.;Inserire il nome del database
Check DB Connection;Controllo Connessione DB
Continue;Continua